{"__collections__":{"feedback":{"8Oe8bfOnrZgOJNphfV9K":{"comment":"nice app","timestamp":"2025-02-17T02:05:01.740748","__collections__":{}},"OMVCXpODY4NeflpLKHvH":{"comment":"good app","timestamp":"2025-02-16T15:21:20.166924","__collections__":{}}},"menuItems":{"GoNGpe4yzUK1VoGDyvoT":{"price":3.99,"name":"French Fries","description":"Golden, crispy fries lightly salted.","id":"GoNGpe4yzUK1VoGDyvoT","category":"Side","__collections__":{}},"JC6kyrYy8D7WMBLs94vC":{"price":2.49,"name":"Lemonade","description":"Tangy lemon drink sweetened to perfection.","id":"JC6kyrYy8D7WMBLs94vC","category":"Drink","__collections__":{}},"LhSUdUERfRx3Z3tpHCk2":{"price":1.99,"name":"Coke","description":"Classic carbonated soda.","id":"LhSUdUERfRx3Z3tpHCk2","category":"Drink","__collections__":{}},"OfApy3L91kDm3wCXTNn1":{"price":4.49,"name":"Garden Salad","description":"Mixed greens, tomatoes, cucumbers, and dressing.","id":"OfApy3L91kDm3wCXTNn1","category":"Side","__collections__":{}},"Rot3cYe9UF4EU6UbuER5":{"price":4.49,"name":"Onion Rings","description":"Battered onion rings served with dipping sauce.","id":"Rot3cYe9UF4EU6UbuER5","category":"Side","__collections__":{}},"U82GoqpdyCPn1ahTIJjc":{"price":2.5,"name":"Iced Tea","description":"Brewed tea served chilled over ice.","id":"U82GoqpdyCPn1ahTIJjc","category":"Drink","__collections__":{}},"UH4bAMGmfpU5v88FdOsc":{"name":"Spaghetti Bolognese","description":"Pasta in a rich tomato and ground beef sauce.","id":"UH4bAMGmfpU5v88FdOsc","category":"Main","price":11.5,"__collections__":{}},"bRpB3lQT5DlHVrZWbuF2":{"price":12.99,"name":"Salmon Poke Bowl","description":"Fresh salmon, rice, and veggies in a savory sauce.","id":"bRpB3lQT5DlHVrZWbuF2","category":"Main","__collections__":{}},"f8Cwi348fpEP7rJTH13X":{"price":3.5,"name":"Garlic Bread","description":"Toasted bread topped with garlic butter.","id":"f8Cwi348fpEP7rJTH13X","category":"Side","__collections__":{}},"k81iTaKXv0l2uYHtF2SA":{"price":3.99,"name":"Mashed Potatoes","description":"Creamy mashed potatoes with a hint of butter.","id":"k81iTaKXv0l2uYHtF2SA","category":"Side","__collections__":{}},"kp2hSX2uxOztg6zk0rCM":{"price":3.99,"name":"Strawberry Milkshake","description":"Creamy milkshake blended with fresh strawberries.","id":"kp2hSX2uxOztg6zk0rCM","category":"Drink","__collections__":{}},"lU8Mp5x8OVapsm3skmxu":{"name":"Fried Chicken","description":"Crispy fried chicken served with house seasoning.","id":"lU8Mp5x8OVapsm3skmxu","category":"Main","price":9.5,"__collections__":{}},"n7rllekMvhRo9fWh0rly":{"name":"Pepperoni Pizza","description":"Classic pizza topped with pepperoni and cheese.","id":"n7rllekMvhRo9fWh0rly","category":"Main","price":10.99,"__collections__":{}},"nQRnfePyzVVVgL1Ph8Y5":{"price":2.99,"name":"Orange Juice","description":"Freshly squeezed orange juice.","id":"nQRnfePyzVVVgL1Ph8Y5","category":"Drink","__collections__":{}},"wJ4mvK5A2659wz3eH5FB":{"name":"Cheeseburger","description":"Juicy beef patty with cheese, lettuce, and tomatoes.","id":"wJ4mvK5A2659wz3eH5FB","category":"Main","price":9,"__collections__":{}}},"orders":{"3wsRhuuFTK3zTAQhFEWG":{"dateTime":"2025-02-16T14:50:32.946086","drinkPrice":2.5,"mainQty":4,"mainPrice":11.5,"sideQty":4,"drinkQty":2,"mainName":"Spaghetti Bolognese","paymentMethod":"Cash on Delivery","totalAll":66.96000000000001,"sideName":"French Fries","sidePrice":3.99,"drinkName":"Iced Tea","status":"completed","__collections__":{}},"FuuIrFJ62sLEhv713m3D":{"dateTime":"2025-02-16T16:15:01.007064","mainPrice":12.99,"totalAll":15.96,"sideName":"Mashed Potatoes","sidePrice":3.99,"drinkName":"Strawberry Milkshake","drinkPrice":3.99,"mainQty":0,"sideQty":2,"drinkQty":2,"mainName":"Salmon Poke Bowl","paymentMethod":"Cash on Delivery","status":"completed","__collections__":{}},"OZAP3esgg4jvgtBkcoNH":{"dateTime":"2025-02-17T02:03:21.308158","mainPrice":9.5,"totalAll":35.99,"sideName":"Garlic Bread","sidePrice":3.5,"drinkName":"Strawberry Milkshake","drinkPrice":3.99,"mainQty":3,"sideQty":1,"drinkQty":1,"mainName":"Fried Chicken","paymentMethod":"Cash on Delivery","status":"completed","__collections__":{}},"SecPRjMDzQIZvyI3aSyy":{"dateTime":"2025-02-16T15:05:50.432567","mainPrice":12.99,"totalAll":66.94,"sideName":"","sidePrice":0,"drinkName":"Coke","drinkPrice":1.99,"mainQty":5,"sideQty":0,"drinkQty":1,"mainName":"Salmon Poke Bowl","paymentMethod":"Cash on Delivery","status":"completed","__collections__":{}},"gyUGnENOOcRGHzPk2rVg":{"dateTime":"2025-02-17T02:27:13.634135","mainPrice":12.99,"totalAll":15.49,"sideName":"French Fries","sidePrice":3.99,"drinkName":"Iced Tea","drinkPrice":2.5,"mainQty":1,"sideQty":0,"drinkQty":1,"mainName":"Salmon Poke Bowl","paymentMethod":"Cash on Delivery","status":"completed","__collections__":{}},"o97QyuhQvfKXi3ingMTC":{"dateTime":"2025-02-17T02:31:51.230755","mainPrice":12.99,"totalAll":15.49,"sideName":"French Fries","sidePrice":3.99,"drinkName":"Iced Tea","drinkPrice":2.5,"mainQty":1,"sideQty":0,"drinkQty":1,"mainName":"Salmon Poke Bowl","paymentMethod":"Cash on Delivery","status":"in progress","__collections__":{}}},"users":{"CqNecuuAdJSrNcrEuQm08CEUND22":{"uid":"CqNecuuAdJSrNcrEuQm08CEUND22","password":"newpassword","email":"a@gmail.com","__collections__":{}},"xTtDBvCCWMTZrpGFj7ffYPC7VC82":{"uid":"xTtDBvCCWMTZrpGFj7ffYPC7VC82","password":"newpw","email":"@gmail.com","__collections__":{}}}}}